Treatment,Response
Control,Malaria
Control,Malaria
Control,Malaria
Control,Malaria
Control,Malaria
Control,Malaria
Control,Malaria
Egg removal,Malaria
Egg removal,Malaria
Egg removal,Malaria
Egg removal,Malaria
Egg removal,Malaria
Egg removal,Malaria
Egg removal,Malaria
Egg removal,Malaria
Egg removal,Malaria
Egg removal,Malaria
Egg removal,Malaria
Egg removal,Malaria
Egg removal,Malaria
Egg removal,Malaria
Egg removal,Malaria
Control,No Malaria
Control,No Malaria
Control,No Malaria
Control,No Malaria
Control,No Malaria
Control,No Malaria
Control,No Malaria
Control,No Malaria
Control,No Malaria
Control,No Malaria
Control,No Malaria
Control,No Malaria
Control,No Malaria
Control,No Malaria
Control,No Malaria
Control,No Malaria
Control,No Malaria
Control,No Malaria
Control,No Malaria
Control,No Malaria
Control,No Malaria
Control,No Malaria
Control,No Malaria
Control,No Malaria
Control,No Malaria
Control,No Malaria
Control,No Malaria
Control,No Malaria
Egg removal,No Malaria
Egg removal,No Malaria
Egg removal,No Malaria
Egg removal,No Malaria
Egg removal,No Malaria
Egg removal,No Malaria
Egg removal,No Malaria
Egg removal,No Malaria
Egg removal,No Malaria
Egg removal,No Malaria
Egg removal,No Malaria
Egg removal,No Malaria
Egg removal,No Malaria
Egg removal,No Malaria
Egg removal,No Malaria
